"AmbulanceName","TrustworthinessScore"
"Ambulance 1",2.95238095238095
"Ambulance 10",3.11111111111111
"Ambulance 11",2.66666666666667
"Ambulance 12",3.33333333333333
"Ambulance 13",3
"Ambulance 14",3
"Ambulance 15",3
"Ambulance 2",3.13333333333333
"Ambulance 3",3.02380952380952
"Ambulance 4",2.94871794871795
"Ambulance 5",3.05555555555556
"Ambulance 6",2.77777777777778
"Ambulance 7",3.02777777777778
"Ambulance 8",2.97222222222222
"Ambulance 9",2.97222222222222
