DriverID,TrustworthinessScore
101,3.102564103
102,3.025641026
103,3.166666667
104,3
105,3.166666667
106,3.222222222
107,2.966666667
108,3.233333333
109,3
110,3.185185185
111,2.833333333
112,3.166666667
113,3.166666667
114,3
115,3.333333333
601,3
602,2.833333333
603,3.333333333
604,2.833333333
605,3.333333333
606,2.666666667
607,3.666666667
608,3.166666667
609,3.166666667
610,3.166666667
611,2.666666667
612,3.333333333
